state,year,numEvent,numRecords,numIDTheft,numFraud,numEventOCR,numRecordsOCR,treatment,treatmentYear,stateid,logID,lnFraud
AK,2005,0,0,421,1654,0,0,0,2015,1,6.0450053,7.4115562
AK,2006,1,38941,384,1079,0,0,0,2015,1,5.9532433,6.9847164
AK,2007,1,250,321,3362,0,0,0,2015,1,5.7745514,8.1205883
AK,2008,0,0,485,3777,0,0,0,2015,1,6.1862087,8.2369499
AK,2009,2,1002,313,4467,1,501,0,2015,1,5.749393,8.4046965
AK,2010,3,4400,342,2731,1,2000,0,2015,1,5.8377304,7.9127893
AK,2011,4,92351,316,3130,2,2266,0,2015,1,5.7589016,8.0491076
AK,2012,4,5886,378,316,1,2743,0,2015,1,5.9375362,5.7589016
AK,2013,3,5256,384,2826,1,1556,0,2015,1,5.9532433,7.9469714
AK,2014,2,4,542,3011,0,0,0,2015,1,6.2971091,8.0103598
AK,2015,1,553,696,2917,1,553,1,2015,1,6.5467854,7.9786539
AK,2016,1,14719,713,2663,1,14719,1,2015,1,6.5708828,7.8875842
AK,2017,2,501,494,2187,1,501,1,2015,1,6.2045579,7.690743
AK,2018,2,6396,507,3531,3,51447,1,2015,1,6.2304816,8.1696196
AK,2019,0,0,539,3701,2,2508,1,2015,1,6.2915692,8.2166281
AL,2005,0,0,2675,4840,0,0,0,,2,7.8920784,8.4848766
AL,2006,2,36800,2774,4708,0,0,0,,2,7.9284062,8.4572306
AL,2007,6,591452,3226,6719,0,0,0,,2,8.0793085,8.8128433
AL,2008,2,1000000,4323,11427,0,0,0,,2,8.3719358,9.3438215
AL,2009,2,37000,3590,14328,0,0,0,,2,8.1861858,9.5700407
AL,2010,5,5248,3339,13457,3,5233,0,,2,8.1137257,9.507329
AL,2011,15,999552,3942,19304,4,978470,0,,2,8.2796974,9.8681192
AL,2012,9,10817,5060,3942,1,1655,0,,2,8.5293198,8.2796974
AL,2013,5,6400,3610,19447,1,2400,0,,2,8.19174,9.8754997
AL,2014,14,92631,3770,27847,9,85608,0,,2,8.235095,10.234516
AL,2015,3,6063,4973,35865,2,2666,0,,2,8.5119801,10.487545
AL,2016,8,39265,4007,39344,5,23907,0,,2,8.2960472,10.580124
AL,2017,7,36431,3609,14756,6,29189,0,,2,8.1914635,9.599473
AL,2018,2,6550,5241,33539,2,7895,0,,2,8.5644588,10.420494
AL,2019,0,0,8454,29986,4,410901,0,,2,9.0425129,10.308519
AR,2005,1,0,1617,2155,0,0,0,2014,3,7.3889461,7.6760101
AR,2006,2,5000,1537,2428,0,0,0,2014,3,7.3382382,7.7952352
AR,2007,1,48686,1609,3629,0,0,0,2014,3,7.3839893,8.1969881
AR,2008,1,1800,2055,5495,0,0,0,2014,3,7.6285176,8.6117754
AR,2009,1,807000,1864,6577,0,0,0,2014,3,7.5310163,8.7914858
AR,2010,8,47601,1667,6712,1,1000,0,2014,3,7.4193807,8.811801
AR,2011,4,8804,1862,10314,2,4588,0,2014,3,7.5299435,9.241354
AR,2012,4,18484,2195,1862,2,9984,0,2014,3,7.6943927,7.5299435
AR,2013,5,6510,1839,10193,2,3811,0,2014,3,7.5175209,9.2295542
AR,2014,1,50000,2481,13800,0,0,1,2014,3,7.8168201,9.5324965
AR,2015,3,8320,2911,14248,3,8320,1,2014,3,7.9765954,9.5644417
AR,2016,17,183341,2308,15510,9,92056,1,2014,3,7.7445698,9.6493044
AR,2017,4,308000,2084,8515,2,154000,1,2014,3,7.6425242,9.0497017
AR,2018,4,9450,2197,15692,5,214884,1,2014,3,7.695303,9.6609697
AR,2019,0,0,4525,15351,9,122746,1,2014,3,8.417594,9.6390009
AZ,2005,2,40057000,9320,9789,0,0,0,2014,4,9.1400251,9.1891165
AZ,2006,2,2500,9113,9222,0,0,0,2014,4,9.1175671,9.1294556
AZ,2007,4,68870,8709,14390,0,0,0,2014,4,9.0722275,9.574358
AZ,2008,6,41037,9632,20631,0,0,0,2014,4,9.1729498,9.9345989
AZ,2009,0,0,7878,23681,0,0,0,2014,4,8.9719563,10.072471
AZ,2010,13,33598,6549,23999,3,9766,0,2014,4,8.78722,10.085809
AZ,2011,21,44400,6296,32195,8,30039,0,2014,4,8.7478285,10.379598
AZ,2012,20,530133,7032,6296,5,92758,0,2014,4,8.8583689,8.7478285
AZ,2013,16,2649010,6043,33714,5,10914,0,2014,4,8.7068214,10.425698
AZ,2014,13,77172,6460,37836,6,76231,1,2014,4,8.7735395,10.541042
AZ,2015,6,7054,9136,42575,4,6854,1,2014,4,9.1200876,10.659046
AZ,2016,16,4539581,8748,45528,9,4524278,1,2014,4,9.0766945,10.726105
AZ,2017,15,45475,8330,24287,8,35339,1,2014,4,9.0277386,10.097737
AZ,2018,6,8426,8853,51816,8,50274,1,2014,4,9.088625,10.855474
AZ,2019,1,10465,10744,50964,12,70701,1,2014,4,9.282196,10.838895
CA,2005,27,942093,45175,48707,0,0,0,2014,5,10.718321,10.793598
CA,2006,57,3420650,41396,49070,0,0,0,2014,5,10.630963,10.801023
CA,2007,49,4260833,44020,64540,0,0,0,2014,5,10.692422,11.075056
CA,2008,33,97437099,50930,106718,0,0,0,2014,5,10.838227,11.577954
CA,2009,34,32358549,42239,124938,8,25483,0,2014,5,10.651123,11.73558
CA,2010,85,118917464,38148,124072,17,174007,0,2014,5,10.549254,11.728625
CA,2011,94,26104745,38607,155986,15,587813,0,2014,5,10.561214,11.957528
CA,2012,151,239095918,46658,38607,31,347027,0,2014,5,10.750621,10.561214
CA,2013,147,64372911,40404,200870,34,1120864,0,2014,5,10.606709,12.210418
CA,2014,127,147730638,38982,250138,36,348137,1,2014,5,10.570881,12.429772
CA,2015,120,27192267,55305,293662,36,4741201,1,2014,5,10.920637,12.590188
CA,2016,180,4490821202,54744,279887,41,1440214,1,2014,5,10.910441,12.542145
CA,2017,158,195477867,55418,97228,34,449834,1,2014,5,10.922678,11.484824
CA,2018,67,307606829,73668,250509,38,897686,1,2014,5,11.207337,12.431254
CA,2019,9,46330,101639,243620,38,388635,1,2014,5,11.529192,12.403369
CO,2005,8,177490,4535,7551,0,0,0,2014,6,8.4198008,8.9295673
CO,2006,15,303923,4395,7657,0,0,0,2014,6,8.3884506,8.9435062
CO,2007,9,80088,4334,11836,0,0,0,2014,6,8.3744764,9.3789854
CO,2008,11,3636500,4960,17762,0,0,0,2014,6,8.5093622,9.784873
CO,2009,7,2391,4775,21338,0,0,0,2014,6,8.4713583,9.9682913
CO,2010,14,423059,3961,21012,3,108619,0,2014,6,8.2845039,9.9528961
CO,2011,16,26779,4156,28854,4,10024,0,2014,6,8.3325491,10.270039
CO,2012,11,847498,4864,4156,2,9462,0,2014,6,8.4898224,8.3325491
CO,2013,24,45844,4195,26039,6,7722,0,2014,6,8.3418865,10.167389
CO,2014,13,68088,4579,32060,8,52823,1,2014,6,8.4294538,10.375396
CO,2015,9,62957,6724,32333,3,2957,1,2014,6,8.8135872,10.383875
CO,2016,15,29149,6203,33745,7,18871,1,2014,6,8.7329493,10.426618
CO,2017,17,78865,6051,17551,12,65982,1,2014,6,8.7081442,9.7729235
CO,2018,2,2257,6151,37686,6,10318,1,2014,6,8.7245321,10.53707
CO,2019,2,27855,6272,38303,8,93781,1,2014,6,8.74401,10.553309
CT,2005,1,72000,2313,4688,0,0,0,2012,7,7.7467327,8.4529743
CT,2006,8,411880,2305,4695,0,0,0,2012,7,7.7432699,8.4544668
CT,2007,17,367237,2414,5533,0,0,0,2012,7,7.7894545,8.6186657
CT,2008,8,135096,3009,8561,0,0,0,2012,7,8.0096951,9.055089
CT,2009,3,1565000,2683,10172,0,0,0,2012,7,7.8950634,9.2274923
CT,2010,20,190288,2330,10054,6,76839,0,2012,7,7.7540526,9.2158251
CT,2011,15,355084,2413,14447,4,100214,0,2012,7,7.7890406,9.578311
CT,2012,20,383368,2915,2413,6,37934,1,2012,7,7.9779682,7.7890406
CT,2013,7,2946,2496,15724,1,1382,1,2012,7,7.8228455,9.6630068
CT,2014,6,122656,3071,18312,2,1385,1,2012,7,8.0300837,9.8153667
CT,2015,10,7379,8078,19898,4,5115,1,2012,7,8.9970236,9.8984251
CT,2016,13,109456,4933,21117,6,64945,1,2012,7,8.5039053,9.957881
CT,2017,11,40182,4078,9577,7,27844,1,2012,7,8.3136072,9.1672239
CT,2018,4,7134,3864,21022,4,7134,1,2012,7,8.259717,9.953372
CT,2019,6,515631,4564,22250,11,878096,1,2012,7,8.4261742,10.010142
DC,2005,3,119300,842,1243,0,0,0,2014,8,6.7369671,7.1260872
DC,2006,25,27178843,765,1139,0,0,0,2014,8,6.6411819,7.0387836
DC,2007,7,236803,788,1435,0,0,0,2014,8,6.6707664,7.2696166
DC,2008,6,54083,980,2687,0,0,0,2014,8,6.8885727,7.8965526
DC,2009,8,76082860,902,3210,1,3800,0,2014,8,6.8057227,8.074338
DC,2010,17,397655,923,3374,3,6356,0,2014,8,6.828712,8.1241503
DC,2011,8,3186631,999,4736,0,0,0,2014,8,6.9077554,8.4631596
DC,2012,21,319131,1069,4756,1,1549,0,2014,8,6.9754138,8.4673729
DC,2013,15,29251000,956,4996,0,0,0,2014,8,6.8638034,8.516593
DC,2014,11,802240,941,6605,1,2200,1,2014,8,6.8480053,8.7957335
DC,2015,9,22932245,1533,8928,2,19445,1,2014,8,7.3356338,9.0970592
DC,2016,16,33595717,1352,10030,2,5169,1,2014,8,7.2100797,9.2134352
DC,2017,5,347367,1333,2902,1,1200,1,2014,8,7.1959372,7.9734998
DC,2018,1,19254,1156,8182,2,19976,1,2014,8,7.0535855,9.0098143
DC,2019,0,0,1550,7659,1,11536,1,2014,8,7.3466554,8.9437675
DE,2005,1,952,583,1091,0,0,0,2014,9,6.3699012,6.9957662
DE,2006,4,2601246,569,1119,0,0,0,2014,9,6.3456364,7.0210838
DE,2007,0,0,605,1386,0,0,0,2014,9,6.4068799,7.2348986
DE,2008,0,0,754,2629,0,0,0,2014,9,6.6267176,7.8747392
DE,2009,1,10,725,3309,0,0,0,2014,9,6.5875502,8.1047039
DE,2010,3,111,664,3255,0,0,0,2014,9,6.4997869,8.0882549
DE,2011,2,1600474,750,4958,0,0,0,2014,9,6.6214056,8.5089598
DE,2012,1,0,902,750,0,0,0,2014,9,6.8057227,6.6214056
DE,2013,1,74000,751,5483,0,0,0,2014,9,6.6227365,8.6095896
DE,2014,2,1883,731,7197,1,1883,1,2014,9,6.5957804,8.8815584
DE,2015,0,0,1181,7641,0,0,1,2014,9,7.0749631,8.9414148
DE,2016,4,28552,1484,7593,2,28552,1,2014,9,7.3031702,8.9351139
DE,2017,2,19203,1211,3283,1,19203,1,2014,9,7.1000271,8.096817
DE,2018,1,508,1517,7743,1,508,1,2014,9,7.3251491,8.9546738
DE,2019,0,0,2188,7928,2,58591,1,2014,9,7.6912003,8.978282
FL,2005,3,309851,17048,24796,0,0,0,,10,9.7438469,10.118478
FL,2006,21,17863603,17780,25902,0,0,0,,10,9.7858858,10.162114
FL,2007,17,25565319,19333,1435,0,0,0,,10,9.8696203,7.2696166
FL,2008,20,2841121,24331,57532,0,0,0,,10,10.099547,10.960114
FL,2009,11,230989,22675,68231,0,0,0,,10,10.029062,11.130669
FL,2010,42,2786292,21581,70858,8,1251095,0,,10,9.9796152,11.168447
FL,2011,46,1456533,33595,96854,12,1255436,0,,10,10.422162,11.48097
FL,2012,63,704093,69795,33595,15,220873,0,,10,11.153332,10.422162
FL,2013,68,441233,37720,157383,25,100141,0,,10,10.537972,11.966444
FL,2014,28,308620,37059,200392,17,213974,0,,10,10.520293,12.208035
FL,2015,33,3671971,44063,306133,19,62523,0,,10,10.693398,12.631778
FL,2016,52,5760736,34384,269117,27,2872912,0,,10,10.445375,12.502905
FL,2017,32,275028,31167,66175,23,146090,0,,10,10.347147,11.100073
FL,2018,16,340672096,37797,210174,19,786592,0,,10,10.540011,12.255695
FL,2019,6,41246,64842,177838,21,179820,0,,10,11.079724,12.088634
GA,2005,6,702600,7918,10285,0,0,0,,11,8.9770203,9.2385387
GA,2006,15,730369,8084,11941,0,0,0,,11,8.9977655,9.3878164
GA,2007,13,3151012,8778,34682,0,0,0,,11,9.0801182,10.454005
GA,2008,9,1458374,10699,27487,0,0,0,,11,9.2779989,10.221505
GA,2009,6,5114443,9560,32409,0,0,0,,11,9.1654472,10.386222
GA,2010,22,432439,9404,31225,3,26100,0,,11,9.1489964,10.349007
GA,2011,21,250064,11625,43395,4,88788,0,,11,9.3609991,10.678123
GA,2012,35,7899904,19232,11625,8,351094,0,,11,9.8643827,9.3609991
GA,2013,37,642413,13402,62121,11,45987,0,,11,9.5032339,11.036856
GA,2014,29,56096670,11384,78526,15,69948,0,,11,9.3400517,11.271197
GA,2015,15,7482732,15230,123429,7,924383,0,,11,9.6310883,11.72343
GA,2016,14,1235337,12787,117189,8,782956,0,,11,9.4562626,11.671552
GA,2017,23,153718556,12548,29352,11,301359,0,,11,9.437396,10.28715
GA,2018,6,115004971,23871,93249,8,900362,0,,11,10.080462,11.443039
GA,2019,4,31626,44888,79083,13,352406,0,,11,10.711948,11.278266
HI,2005,2,280000,810,1852,0,0,0,2014,12,6.6982679,7.5245614
HI,2006,1,40000,615,2020,0,0,0,2014,12,6.4232469,7.6113477
HI,2007,2,14500,591,2627,0,0,0,2014,12,6.3835068,7.8739786
HI,2008,0,0,699,3698,0,0,0,2014,12,6.5510802,8.2158175
HI,2009,4,21879,584,4672,0,0,0,2014,12,6.3716121,8.4495564
HI,2010,2,93101,589,4479,0,0,0,2014,12,6.3801227,8.4073782
HI,2011,4,6240,583,5695,0,0,0,2014,12,6.3699012,8.6475191
HI,2012,4,1948,658,583,2,1348,0,2014,12,6.4907236,6.3699012
HI,2013,3,674,531,5306,0,0,0,2014,12,6.2766433,8.5767822
HI,2014,0,0,580,5957,0,0,1,2014,12,6.3647509,8.6924906
HI,2015,1,2809,896,5315,1,2809,1,2014,12,6.7990561,8.578476
HI,2016,3,31158,789,5768,1,10179,1,2014,12,6.6720328,8.6602545
HI,2017,1,0,890,4098,0,0,1,2014,12,6.7923446,8.3184986
HI,2018,1,40800,1021,6516,1,40800,1,2014,12,6.9295168,8.7821693
HI,2019,0,0,1347,7056,0,0,1,2014,12,7.2063775,8.8617754
IA,2005,4,200500,1090,2981,0,0,0,2014,13,6.9948502,8.000349
IA,2006,3,20780,1041,2666,0,0,0,2014,13,6.9488974,7.8887095
IA,2007,5,8951,1065,4164,0,0,0,2014,13,6.9716687,8.3344717
IA,2008,3,51716,1332,5901,0,0,0,2014,13,7.1951871,8.6830463
IA,2009,1,1600,1181,7320,0,0,0,2014,13,7.0749631,8.8985023
IA,2010,7,214848,1111,6397,1,19222,0,2014,13,7.0139155,8.7637405
IA,2011,6,96,1208,9611,0,0,0,2014,13,7.097549,9.1707678
IA,2012,5,7658,1608,1208,2,4298,0,2014,13,7.383368,7.097549
IA,2013,5,135960,1248,9717,2,9160,0,2014,13,7.1300983,9.181735
IA,2014,4,34084,1506,11354,3,4304,1,2014,13,7.3178763,9.3374138
IA,2015,0,0,2803,10909,0,0,1,2014,13,7.9388022,9.2974348
IA,2016,14,29027,2135,10735,4,22051,1,2014,13,7.6666903,9.2813578
IA,2017,6,9638,1870,6984,4,9638,1,2014,13,7.5342283,8.8515205
IA,2018,3,16600,1654,13329,10,1519026,1,2014,13,7.4115562,9.4977722
IA,2019,1,1191,1910,14949,5,19715,1,2014,13,7.5553818,9.6124668
ID,2005,1,0,745,1899,0,0,0,2019,14,6.6147256,7.5496092
ID,2006,1,0,718,2012,0,0,0,2019,14,6.5778613,7.6073813
ID,2007,4,76100,738,2462,0,0,0,2019,14,6.605298,7.8091354
ID,2008,0,0,859,3971,0,0,0,2019,14,6.7569323,8.2870255
ID,2009,1,59000,755,4851,0,0,0,2019,14,6.6280413,8.4871464
ID,2010,2,8062,729,4674,2,8062,0,2019,14,6.5930448,8.4499846
ID,2011,2,0,658,6790,0,0,0,2019,14,6.4907236,8.8233538
ID,2012,3,300,905,658,0,0,0,2019,14,6.8090391,6.4907236
ID,2013,1,441,798,6407,0,0,0,2019,14,6.6833611,8.7653027
ID,2014,3,6900,962,7466,1,6900,0,2019,14,6.8700533,8.9182482
ID,2015,0,0,1676,7002,0,0,0,2019,14,7.4247618,8.8540936
ID,2016,1,0,1348,7800,0,0,0,2019,14,7.207119,8.9620075
ID,2017,3,265,1356,5251,0,0,0,2019,14,7.2130318,8.5663643
ID,2018,2,8878,1368,9560,1,4824,0,2019,14,7.2218356,9.1654472
ID,2019,0,0,1420,9460,2,9238,1,2019,14,7.2591162,9.154933
IL,2005,5,180985,11137,14885,0,0,0,2014,15,9.3181181,9.6081762
IL,2006,15,2526613,10080,13908,0,0,0,2014,15,9.2184076,9.5402918
IL,2007,24,1987029,10340,22340,0,0,0,2014,15,9.2438717,10.014179
IL,2008,10,103410,13666,30600,0,0,0,2014,15,9.5227394,10.328788
IL,2009,8,289270,12116,37168,0,0,0,2014,15,9.4023647,10.523231
IL,2010,40,554247,10345,37691,9,199284,0,2014,15,9.2443552,10.537203
IL,2011,33,108242,10361,52278,11,34972,0,2014,15,9.2459002,10.86435
IL,2012,45,129780,12993,10361,13,39910,0,2014,15,9.4722433,9.2459002
IL,2013,44,8305946,11069,50080,18,4104025,0,2014,15,9.3119936,10.821397
IL,2014,29,243302,12317,61038,17,243263,1,2014,15,9.4188166,11.019268
IL,2015,24,5150001,20414,66510,16,48312,1,2014,15,9.9240255,11.105123
IL,2016,27,1174574,17660,73829,13,56877,1,2014,15,9.7791138,11.20952
IL,2017,26,372433,15841,31685,10,66157,1,2014,15,9.6704197,10.36363
IL,2018,11,10969,16296,73000,19,91000,1,2014,15,9.6987362,11.198229
IL,2019,2,5124,23139,74575,16,111644,1,2014,15,10.049318,11.219574
IN,2005,3,17838,4201,9572,0,0,0,2015,16,8.3433161,9.1667023
IN,2006,10,278861,3928,7863,0,0,0,2015,16,8.2761402,8.9700508
IN,2007,15,236736,4034,10858,0,0,0,2015,16,8.302762,9.2927494
IN,2008,11,870880,4550,15167,0,0,0,2015,16,8.4231024,9.6269436
IN,2009,8,15171,4167,18883,0,0,0,2015,16,8.3351917,9.8460703
IN,2010,18,106930,3560,17962,6,37086,0,2015,16,8.1777964,9.7960691
IN,2011,21,56944,3555,25296,7,41142,0,2015,16,8.1763916,10.138441
IN,2012,27,883181,4412,3555,10,117221,0,2015,16,8.3923101,8.1763916
IN,2013,28,251937,3845,24777,11,219762,0,2015,16,8.2547894,10.117711
IN,2014,9,440300,4498,30656,5,68300,0,2015,16,8.4116106,10.330616
IN,2015,17,163698988,6217,33836,10,82759421,1,2015,16,8.7352037,10.42931
IN,2016,22,508741,5091,37329,12,257174,1,2015,16,8.5354261,10.527553
IN,2017,18,233799,5027,18156,9,176272,1,2015,16,8.5227776,9.8068113
IN,2018,9,28341,4918,35366,5,590090,1,2015,16,8.5008602,10.473535
IN,2019,0,0,6386,34622,12,299698,1,2015,16,8.7620201,10.452273
KS,2005,0,0,1606,3323,0,0,0,,17,7.3821244,8.1089239
KS,2006,4,11590,1626,3068,0,0,0,,17,7.3944931,8.0291071
KS,2007,3,1120,1697,4053,0,0,0,,17,7.4372063,8.3074589
KS,2008,2,86,1991,7102,0,0,0,,17,7.5968943,8.8682728
KS,2009,2,45,1907,8011,0,0,0,,17,7.5538111,8.9886961
KS,2010,6,3650,1717,8177,2,2305,0,,17,7.448916,9.009203
KS,2011,5,18275,1914,11225,1,8275,0,,17,7.5574727,9.3259878
KS,2012,6,15896,2077,1914,1,7757,0,,17,7.6391611,7.5574727
KS,2013,3,29945,1783,10390,0,0,0,,17,7.4866133,9.2486954
KS,2014,8,12973,1892,12569,3,12319,0,,17,7.545918,9.4390678
KS,2015,3,10200,3282,12430,2,5532,0,,17,8.0965128,9.427949
KS,2016,3,104859,2532,14635,2,52783,0,,17,7.8371596,9.5912399
KS,2017,7,7693518,2100,8687,3,92887,0,,17,7.6501689,9.0696983
KS,2018,2,11667,2142,15999,6,48518,0,,17,7.6699619,9.6803436
KS,2019,0,0,2273,15852,4,76669,0,,17,7.7292957,9.671114
KY,2005,1,0,1815,4149,0,0,0,2014,18,7.5043917,8.330864
KY,2006,10,171640,1766,4477,0,0,0,2014,18,7.4770384,8.4069319
KY,2007,3,2798,1838,5748,0,0,0,2014,18,7.5169773,8.6567812
KY,2008,7,592,2363,8177,0,0,0,2014,18,7.7681103,9.009203
KY,2009,5,6371,2088,9998,0,0,0,2014,18,7.6444407,9.2102404
KY,2010,17,76534,1847,10184,6,36772,0,2014,18,7.5218592,9.2286711
KY,2011,11,72610,1891,16053,6,35616,0,2014,18,7.5453897,9.683713
KY,2012,17,26211,2463,1891,6,12462,0,2014,18,7.8095412,7.5453897
KY,2013,3,14154,2201,16203,1,535,0,2014,18,7.6971211,9.6930132
KY,2014,10,22111,2358,19907,8,21032,1,2014,18,7.7659931,9.8988771
KY,2015,5,97869,3581,20674,5,97869,1,2014,18,8.1836767,9.9366808
KY,2016,9,12357,2898,23948,5,8501,1,2014,18,7.9721212,10.083682
KY,2017,13,981821,3060,11827,10,768648,1,2014,18,8.0264969,9.3782253
KY,2018,6,66569,2522,23707,4,66205,1,2014,18,7.8332038,10.073567
KY,2019,4,19112,2977,23645,8,40041,1,2014,18,7.9990072,10.07095
LA,2005,0,0,2831,3724,0,0,0,2016,19,7.9487386,8.2228222
LA,2006,1,0,2256,3981,0,0,0,2016,19,7.7217917,8.2895393
LA,2007,6,85230,2676,5570,0,0,0,2016,19,7.8924522,8.62533
LA,2008,4,31856,3799,8987,0,0,0,2016,19,8.2427559,9.1036453
LA,2009,1,0,3252,12279,0,0,0,2016,19,8.0873327,9.4157276
LA,2010,9,65535,2896,11953,0,0,0,2016,19,7.9714308,9.3888216
LA,2011,6,25000,2934,18000,1,2000,0,2016,19,7.9844627,9.7981825
LA,2012,11,47185,4031,2934,3,29359,0,2016,19,8.3020182,7.9844627
LA,2013,5,34812,3204,19070,4,26482,0,2016,19,8.0724678,9.8559246
LA,2014,2,6780,3430,25059,2,6780,0,2016,19,8.1406069,10.129028
LA,2015,5,36318,4410,30999,3,24409,0,2016,19,8.3918571,10.341743
LA,2016,6,43655,3264,32861,3,21910,1,2016,19,8.0910149,10.400072
LA,2017,5,16221,3340,11443,5,16221,1,2016,19,8.1140251,9.3452206
LA,2018,0,0,5202,27236,3,36257,1,2016,19,8.5569906,10.212332
LA,2019,0,0,10582,24884,5,136428,1,2016,19,9.267004,10.122021
MA,2005,4,226750,3999,7363,0,0,0,2014,20,8.2940493,8.9043589
MA,2006,6,438308,4102,7333,0,0,0,2014,20,8.3194733,8.9002762
MA,2007,16,100624817,4309,10225,0,0,0,2014,20,8.3686934,9.2326889
MA,2008,15,284311,5386,15530,0,0,0,2014,20,8.5917435,9.6505938
MA,2009,7,252,4556,19590,0,0,0,2014,20,8.4244194,9.8828259
MA,2010,27,1244147,4044,18936,6,52795,0,2014,20,8.3052368,9.8488731
MA,2011,34,72876,4128,26245,8,24701,0,2014,20,8.3257904,10.175269
MA,2012,28,401517,4879,4128,5,17848,0,2014,20,8.4929008,8.3257904
MA,2013,28,81371,4237,30029,8,33752,0,2014,20,8.3518467,10.309952
MA,2014,18,1254050,5116,37422,6,38076,1,2014,20,8.5403233,10.530041
MA,2015,12,37767,8530,37884,7,36937,1,2014,20,9.0514622,10.542311
MA,2016,16,64433,7287,37271,6,26499,1,2014,20,8.8939848,10.525998
MA,2017,14,70876,6016,18033,8,33318,1,2014,20,8.7023439,9.8000145
MA,2018,20,161837,6387,35869,18,164177,1,2014,20,8.7621765,10.487657
MA,2019,3,3850,8606,38170,10,246399,1,2014,20,9.0603313,10.549831
MD,2005,0,0,4848,8413,0,0,0,2014,21,8.4865274,9.037652
MD,2006,7,181421,4656,8653,0,0,0,2014,21,8.4461269,9.0657768
MD,2007,7,278216,4835,12219,0,0,0,2014,21,8.4838428,9.4108295
MD,2008,10,145562,5388,19598,0,0,0,2014,21,8.5921154,9.883234
MD,2009,8,618818,5235,22833,0,0,0,2014,21,8.5633135,10.036006
MD,2010,15,22486,4784,23581,4,17492,0,2014,21,8.4732409,10.068239
MD,2011,16,283586,4980,31581,2,5765,0,2014,21,8.5133858,10.360343
MD,2012,13,18474,6178,4980,3,12556,0,2014,21,8.7289114,8.5133858
MD,2013,22,67824,5660,33922,4,23058,0,2014,21,8.6413555,10.431849
MD,2014,189,1497957,5734,40369,6,273719,1,2014,21,8.6543427,10.605843
MD,2015,13,2232399,11006,44985,8,1331380,1,2014,21,9.3062868,10.714107
MD,2016,10,676960,8251,48594,6,669919,1,2014,21,9.0182104,10.791276
MD,2017,17,4067406,7788,18347,8,55961,1,2014,21,8.9604673,9.817276
MD,2018,14,327659272,8747,45298,9,589054,1,2014,21,9.07658,10.72104
MD,2019,2,3380,12675,46503,11,127719,1,2014,21,9.4474659,10.747293
ME,2005,0,0,491,1714,0,0,0,2018,22,6.1984787,7.4471684
ME,2006,1,2000,525,1791,0,0,0,2018,22,6.2653012,7.4910874
ME,2007,4,16500,533,2216,0,0,0,2018,22,6.280396,7.7039104
ME,2008,1,4200000,622,3140,0,0,0,2018,22,6.4345465,8.0522966
ME,2009,2,1397,511,3609,0,0,0,2018,22,6.2383246,8.1914635
ME,2010,2,4585,425,3343,0,0,0,2018,22,6.0544395,8.1149225
ME,2011,3,117,503,4589,0,0,0,2018,22,6.2225761,8.4316349
ME,2012,2,259,666,503,0,0,0,2018,22,6.50279,6.2225761
ME,2013,5,7020,511,4668,1,1920,0,2018,22,6.2383246,8.4487
ME,2014,0,0,693,5909,0,0,0,2018,22,6.5424719,8.6844015
ME,2015,5,5295,1514,5943,2,1354,0,2018,22,7.3231707,8.6901379
ME,2016,0,0,1170,5642,0,0,0,2018,22,7.0656133,8.6381712
ME,2017,7,8374,806,3475,2,6129,0,2018,22,6.6933236,8.1536379
ME,2018,1,660,744,6340,1,660,1,2018,22,6.6133842,8.7547922
ME,2019,0,0,807,7055,2,35299,1,2018,22,6.694562,8.8616333
MI,2005,6,2145000,7139,11618,0,0,0,2014,23,8.8734684,9.3603973
MI,2006,14,1066640,6784,11665,0,0,0,2014,23,8.8224697,9.3644342
MI,2007,14,44723,7103,15500,0,0,0,2014,23,8.868413,9.6486597
MI,2008,9,712800,8318,22824,0,0,0,2014,23,9.0262976,10.035612
MI,2009,10,18681,7527,26986,2,10646,0,2014,23,8.9263849,10.203111
MI,2010,26,212311,6880,27111,6,110493,0,2014,23,8.8365192,10.207731
MI,2011,29,65694,8119,37007,6,21440,0,2014,23,9.0020857,10.518889
MI,2012,19,27245,12075,8119,5,11661,0,2014,23,9.3989754,9.0020857
MI,2013,24,1070613,9606,57358,1,3947,0,2014,23,9.1702471,10.957085
MI,2014,24,85590,10338,74244,8,22633,1,2014,23,9.2436781,11.215126
MI,2015,9,4636930,15684,113474,5,32930,1,2014,23,9.6604605,11.639338
MI,2016,26,1556787,17430,107557,10,51094,1,2014,23,9.7660055,11.585786
MI,2017,28,1026130,15027,26094,14,677235,1,2014,23,9.6176701,10.169499
MI,2018,3,4522,13952,71339,11,108782,1,2014,23,9.5434494,11.175213
MI,2019,3,10027,13532,55683,17,57068,1,2014,23,9.512886,10.927448
MN,2005,4,526066,3015,6224,0,0,0,2014,24,8.0116863,8.7363291
MN,2006,9,81684,2872,5860,0,0,0,2014,24,7.9631119,8.6760759
MN,2007,7,411892,2869,9741,0,0,0,2014,24,7.9620671,9.1842012
MN,2008,4,77293,3514,13270,0,0,0,2014,24,8.1647949,9.4933367
MN,2009,0,0,2877,15057,0,0,0,2014,24,7.9648509,9.6196651
MN,2010,22,3574052,2612,14770,5,23022,0,2014,24,7.8682542,9.600421
MN,2011,15,66327,2671,19679,4,27935,0,2014,24,7.8905826,9.8873577
MN,2012,13,137481,3437,2671,4,32311,0,2014,24,8.1426449,7.8905826
MN,2013,17,40030167,2917,20610,3,12971,0,2014,24,7.9786539,9.9335804
MN,2014,18,57707,3229,23083,13,57705,1,2014,24,8.0802374,10.046895
MN,2015,11,190968,5368,24055,7,184755,1,2014,24,8.588397,10.08814
MN,2016,14,26989,5919,25980,8,16949,1,2014,24,8.6860914,10.165121
MN,2017,13,760026,4324,14657,6,23660,1,2014,24,8.3721676,9.592742
MN,2018,1,846,4070,28471,10,155261,1,2014,24,8.3116436,10.256677
MN,2019,1,885,4499,30246,23,11781891,1,2014,24,8.4118328,10.317152
MO,2005,0,0,3920,7912,0,0,0,2021,25,8.2741022,8.9762621
MO,2006,0,0,3753,7331,0,0,0,2021,25,8.2305775,8.9000034
MO,2007,0,0,3970,13302,0,0,0,2021,25,8.2867737,9.4957447
MO,2008,0,0,4396,17076,0,0,0,2021,25,8.3886776,9.7454882
MO,2009,1,1000,3850,21396,1,1000,0,2021,25,8.2560883,9.9710064
MO,2010,3,12616,3920,19175,3,12616,0,2021,25,8.2741022,9.8614149
MO,2011,6,15732,4282,26863,6,15732,0,2021,25,8.3624086,10.198543
MO,2012,2,3569,4505,4282,2,3569,0,2021,25,8.4131651,8.3624086
MO,2013,11,55283,4052,26320,11,55283,0,2021,25,8.3072128,10.178123
MO,2014,3,7989,7195,31304,3,7989,0,2021,25,8.8812809,10.351533
MO,2015,5,25854,22164,37068,5,25854,0,2021,25,10.006269,10.520536
MO,2016,7,99673,8292,43050,7,99673,0,2021,25,9.0231667,10.67014
MO,2017,12,140389,4994,18947,12,140389,0,2021,25,8.5161924,9.8494539
MO,2018,4,17551,5222,40165,15,489607,0,2021,25,8.5608273,10.600776
MO,2019,1,560,7406,39843,8,340021,0,2021,25,8.910181,10.592727
MS,2005,0,0,1458,2114,0,0,0,,26,7.2855067,7.6568103
MS,2006,3,6400,1494,2318,0,0,0,,26,7.3098817,7.7488914
MS,2007,1,0,1679,2754,0,0,0,,26,7.426549,7.9211726
MS,2008,1,1000,2345,4503,0,0,0,,26,7.7604671,8.4127216
MS,2009,1,140,2161,5659,0,0,0,,26,7.6787891,8.6411791
MS,2010,5,4880,1992,6473,1,1104,0,,26,7.5973964,8.7755499
MS,2011,4,5086,2210,9595,1,1797,0,,26,7.7012,9.1691017
MS,2012,1,0,2990,2210,0,0,0,,26,8.0033627,7.7012
MS,2013,3,12779,2233,10486,1,500,0,,26,7.7115488,9.2578917
MS,2014,3,6728,2409,13276,3,6728,0,,26,7.7873821,9.4937887
MS,2015,3,38846,2955,15450,2,19846,0,,26,7.9915924,9.6454287
MS,2016,5,141064,2378,18210,3,76401,0,,26,7.7744355,9.8097811
MS,2017,2,12712,2064,7601,2,12712,0,,26,7.6328855,8.9361668
MS,2018,3,33981,2894,15790,3,33981,0,,26,7.9707403,9.6671953
MS,2019,1,30642,4714,15041,3,52642,0,,26,8.4585037,9.6186018
MT,2005,1,5875,398,1253,0,0,0,2016,27,5.9889612,7.1340938
MT,2006,3,4216,434,1289,0,0,0,2016,27,6.075346,7.1623974
MT,2007,6,4368,393,1549,0,0,0,2016,27,5.9763508,7.3460102
MT,2008,1,226000,448,2411,0,0,0,2016,27,6.1070228,7.7882113
MT,2009,0,0,408,3182,0,0,0,2016,27,6.0137153,8.0655794
MT,2010,1,260,392,3108,0,0,0,2016,27,5.9738097,8.0420561
MT,2011,4,74000,390,4020,1,37000,0,2016,27,5.9687076,8.2992859
MT,2012,6,3609,501,390,2,3408,0,2016,27,6.2186003,5.9687076
MT,2013,2,1900,509,3575,1,1900,0,2016,27,6.2344108,8.1820002
MT,2014,3,1063052,585,4550,2,1063052,0,2016,27,6.3733196,8.4231024
MT,2015,2,13538,901,4572,2,13538,0,2016,27,6.8046145,8.4279251
MT,2016,3,57542,711,4600,2,29333,1,2016,27,6.568078,8.4340286
MT,2017,1,15326,638,3687,1,15326,1,2016,27,6.4599047,8.2128391
MT,2018,2,2203,799,5943,3,10638,1,2016,27,6.6846118,8.6901379
MT,2019,0,0,707,6064,2,20794,1,2016,27,6.5624442,8.71029
NC,2005,5,1232800,5830,9765,0,0,0,,28,8.6709442,9.1866627
NC,2006,15,91048,5748,10300,0,0,0,,28,8.6567812,9.239996
NC,2007,16,167198,6087,15381,0,0,0,,28,8.7140751,9.6409531
NC,2008,14,85344,7575,23135,0,0,0,,28,8.9327402,10.049145
NC,2009,16,317866,6802,27646,1,2000,0,,28,8.825119,10.227272
NC,2010,17,31185,5986,27415,4,9664,0,,28,8.6973457,10.218882
NC,2011,16,16879,6287,38063,3,7814,0,,28,8.746398,10.547024
NC,2012,23,569130,7910,6287,8,73531,0,,28,8.9760094,8.746398
NC,2013,28,98595,6679,41654,13,51159,0,,28,8.8068733,10.637177
NC,2014,14,277786,7334,50504,8,215162,0,,28,8.9004126,10.829827
NC,2015,12,28833,10646,55266,7,27218,0,,28,9.2730331,10.919931
NC,2016,12,7451711,9746,65059,4,26571,0,,28,9.1847153,11.083065
NC,2017,12,155178,9424,30481,9,142447,0,,28,9.1511211,10.324892
NC,2018,12,2680544,11481,66486,8,2690311,0,,28,9.3485355,11.104762
NC,2019,2,27297,18584,67350,9,10315068,0,,28,9.8301105,11.117673
ND,2005,0,0,158,632,0,0,0,2014,29,5.0689044,6.4504704
ND,2006,0,0,189,544,0,0,0,2014,29,5.2470241,6.300786
ND,2007,0,0,182,760,0,0,0,2014,29,5.209486,6.6346335
ND,2008,1,84554,227,1041,0,0,0,2014,29,5.4293456,6.9488974
ND,2009,0,0,192,1325,0,0,0,2014,29,5.2626901,7.1899223
ND,2010,0,0,199,1235,0,0,0,2014,29,5.2983174,7.1196356
ND,2011,2,1300,156,1732,1,650,0,2014,29,5.0562458,7.4576092
ND,2012,0,0,288,156,0,0,0,2014,29,5.6664267,5.0562458
ND,2013,3,22000,232,1960,2,12000,0,2014,29,5.4510384,7.5812097
ND,2014,1,290780,319,2473,0,0,1,2014,29,5.768321,7.8135915
ND,2015,0,0,575,2110,0,0,1,2014,29,6.3561077,7.6549172
ND,2016,0,0,465,2158,0,0,1,2014,29,6.1441855,7.6774006
ND,2017,3,3052,467,1390,2,3052,1,2014,29,6.1484685,7.2377782
ND,2018,0,0,474,2549,1,1813,1,2014,29,6.1633148,7.8438487
ND,2019,0,0,448,2867,0,0,1,2014,29,6.1070228,7.96137
NE,2005,1,200000,919,2278,0,0,0,2020,30,6.8243737,7.731492
NE,2006,5,527642,868,1968,0,0,0,2020,30,6.767343,7.5852809
NE,2007,3,6300372,797,2942,0,0,0,2020,30,6.6821084,7.9871845
NE,2008,1,2035,1048,4356,0,0,0,2020,30,6.9555926,8.3795395
NE,2009,2,1400,938,5079,0,0,0,2020,30,6.8448153,8.5330667
NE,2010,6,4291,860,5005,2,2350,0,2020,30,6.7580943,8.5183926
NE,2011,6,5616,869,6824,2,1316,0,2020,30,6.7684932,8.8283472
NE,2012,5,660000,1068,869,1,3000,0,2020,30,6.9744787,6.7684932
NE,2013,2,5982,965,6638,2,5982,0,2020,30,6.8731637,8.8007164
NE,2014,0,0,914,7807,0,0,0,2020,30,6.818924,8.962904
NE,2015,2,3744,1905,7648,1,1872,0,2020,30,7.552762,8.9423304
NE,2016,3,37502,1584,7855,3,37502,0,2020,30,7.3683395,8.9690332
NE,2017,6,33046,1170,5103,5,33046,0,2020,30,7.0656133,8.5377798
NE,2018,1,6450,1281,8416,5,115788,0,2020,30,7.1561766,9.0380087
NE,2019,0,0,1320,9179,2,46713,0,2020,30,7.1861444,9.1247826
NH,2005,0,0,645,2008,0,0,0,2014,31,6.4707994,7.6053925
NH,2006,2,9250,606,1964,0,0,0,2014,31,6.4085288,7.5832477
NH,2007,4,9563,647,2832,0,0,0,2014,31,6.4738908,7.9490914
NH,2008,4,20800,755,3988,0,0,0,2014,31,6.6280413,8.291296
NH,2009,4,3550,584,5366,0,0,0,2014,31,6.3716121,8.5880241
NH,2010,5,185,503,4702,0,0,0,2014,31,6.2225761,8.4559555
NH,2011,6,468800,617,5948,2,237360,0,2014,31,6.4264884,8.6909781
NH,2012,5,6970,782,617,2,1542,0,2014,31,6.6631327,6.4264884
NH,2013,4,115820,687,6297,0,0,0,2014,31,6.5337887,8.7479877
NH,2014,2,4208,726,7464,1,1208,1,2014,31,6.5889263,8.9179811
NH,2015,0,0,1890,7611,0,0,1,2014,31,7.5448608,8.9374809
NH,2016,5,171208,1352,7525,1,14947,1,2014,31,7.2100797,8.9261189
NH,2017,3,2086,1097,3953,1,2081,1,2014,31,7.0012455,8.2824831
NH,2018,0,0,1565,7642,0,0,1,2014,31,7.3562799,8.9415455
NH,2019,0,0,1302,8447,1,8992,1,2014,31,7.1724248,9.0416851
NJ,2005,3,685777,6582,10180,0,0,0,2014,32,8.7922459,9.2282782
NJ,2006,15,214032,6394,11284,0,0,0,2014,32,8.7632713,9.3312302
NJ,2007,11,55669,6881,15162,0,0,0,2014,32,8.8366642,9.6266136
NJ,2008,4,300724,8121,24849,0,0,0,2014,32,9.0023317,10.120613
NJ,2009,7,130049230,7366,34241,0,0,0,2014,32,8.9047661,10.441208
NJ,2010,12,33042,6807,27227,0,0,0,2014,32,8.8258533,10.212001
NJ,2011,13,1757446,7599,39737,4,1743803,0,2014,32,8.9359035,10.590063
NJ,2012,18,354254,8430,7599,4,31425,0,2014,32,9.0396709,8.9359035
NJ,2013,15,883725,7176,45801,3,13425,0,2014,32,8.8786364,10.732083
NJ,2014,14,7454951,7144,53535,8,1261823,1,2014,32,8.8741684,10.888109
NJ,2015,7,3720,11266,56121,2,2620,1,2014,32,9.3296337,10.935283
NJ,2016,18,223980,9977,56951,8,141649,1,2014,32,9.2081375,10.949965
NJ,2017,16,52692,9533,22603,9,47808,1,2014,32,9.1626196,10.025882
NJ,2018,8,5003957,11273,56438,7,24469,1,2014,32,9.3302546,10.940916
NJ,2019,0,0,18220,56880,7,582945,1,2014,32,9.8103304,10.948717
NM,2005,0,0,1634,2168,0,0,0,2014,33,7.3993979,7.6820216
NM,2006,3,2950,1621,2406,0,0,0,2014,33,7.3914151,7.7861366
NM,2007,5,9570,1726,2824,0,0,0,2014,33,7.4541411,7.9462638
NM,2008,2,1800,2062,4813,0,0,0,2014,33,7.6319165,8.4792833
NM,2009,2,36000,1970,5648,0,0,0,2014,33,7.5862961,8.6392336
NM,2010,7,24060,1773,6053,3,6730,0,2014,33,7.4809923,8.7084742
NM,2011,4,3724,1610,8023,1,1537,0,2014,33,7.3846102,8.9901924
NM,2012,8,110526,1858,1610,4,10445,0,2014,33,7.5277939,7.3846102
NM,2013,4,13132,1448,8292,2,13132,0,2014,33,7.2786288,9.0231667
NM,2014,4,8244,1611,10556,3,8244,1,2014,33,7.385231,9.2645445
NM,2015,2,561,2109,12387,1,561,1,2014,33,7.6544433,9.4244833
NM,2016,9,50681,2016,13900,5,27433,1,2014,33,7.6093664,9.5397158
NM,2017,0,0,1909,6479,0,0,1,2014,33,7.5548587,8.7764759
NM,2018,5,9911,2000,13573,5,9911,1,2014,33,7.6014023,9.5159111
NM,2019,0,0,2088,11948,4,209887,1,2014,33,7.6444407,9.3884029
NV,2005,2,13900,3144,3770,0,0,0,2014,34,8.0535688,8.235095
NV,2006,2,301237,2994,4222,0,0,0,2014,34,8.0046997,8.3483009
NV,2007,5,213000,2934,5356,0,0,0,2014,34,7.9844627,8.5861597
NV,2008,6,144489,3259,8963,0,0,0,2014,34,8.0894823,9.1009722
NV,2009,3,20,2803,11048,0,0,0,2014,34,7.9388022,9.3100948
NV,2010,6,15559,2423,10757,2,8033,0,2014,34,7.7931743,9.2834053
NV,2011,4,2935,2427,14320,0,0,0,2014,34,7.7948232,9.5694818
NV,2012,10,24008065,3032,2427,3,7265,0,2014,34,8.0173073,7.7948232
NV,2013,3,33634,2708,17354,2,33634,0,2014,34,7.904335,9.7616358
NV,2014,4,12000,2846,21952,1,12000,1,2014,34,7.954021,9.9966593
NV,2015,6,25097,3613,24194,3,22944,1,2014,34,8.1925707,10.093902
NV,2016,5,36972,3993,25636,1,3000,1,2014,34,8.2925482,10.151792
NV,2017,4,16394,3828,10707,3,16394,1,2014,34,8.2503586,9.2787466
NV,2018,5,10815,5816,26088,6,14015,1,2014,34,8.66854,10.169269
NV,2019,0,0,7757,27463,5,175924,1,2014,34,8.95648,10.220632
NY,2005,10,4696471,17387,20868,0,0,0,2014,35,9.7635355,9.9460201
NY,2006,77,2474990,16452,21129,0,0,0,2014,35,9.7082634,9.9584494
NY,2007,39,881086,19372,28526,0,0,0,2014,35,9.8716354,10.258606
NY,2008,24,468211,22550,45034,0,0,0,2014,35,10.023535,10.715196
NY,2009,22,296199,18914,52299,0,0,0,2014,35,9.8477106,10.864752
NY,2010,75,3348965,16494,52113,20,421761,0,2014,35,9.7108126,10.861189
NY,2011,42,107507490,17880,75163,7,1912685,0,2014,35,9.7914944,11.227427
NY,2012,60,1656309,21538,17880,11,65635,0,2014,35,9.9776201,9.7914944
NY,2013,67,1046706,17072,86673,15,127353,0,2014,35,9.7452536,11.369909
NY,2014,48,76781976,15959,101497,16,219766,1,2014,35,9.6778412,11.527795
NY,2015,44,20252427,24157,103918,23,9592481,1,2014,35,10.092371,11.551367
NY,2016,51,70242217,20205,112006,16,3636771,1,2014,35,9.9137344,11.626317
NY,2017,46,36215412,20397,50602,17,138384,1,2014,35,9.923192,10.831766
NY,2018,13,87213,24248,117567,17,1046317,1,2014,35,10.09613,11.674772
NY,2019,0,0,36337,128208,17,1027319,1,2014,35,10.500619,11.761417
OH,2005,10,1903340,7155,14075,0,0,0,2014,36,8.8757067,9.5522261
OH,2006,24,2123731,6878,14241,0,0,0,2014,36,8.8362284,9.5639505
OH,2007,18,1041142,7192,19597,0,0,0,2014,36,8.8808632,9.8831825
OH,2008,17,244734,8199,29528,0,0,0,2014,36,9.0118895,10.293128
OH,2009,10,55511,7531,34106,0,0,0,2014,36,8.9269161,10.437258
OH,2010,28,925887,6844,32847,6,79375,0,2014,36,8.831274,10.399646
OH,2011,22,205398,7479,54493,3,79043,0,2014,36,8.9199877,10.905846
OH,2012,24,1066684,8891,7479,5,18383,0,2014,36,9.092907,8.9199877
OH,2013,26,98165,7502,50765,11,24108,0,2014,36,8.9230585,10.834982
OH,2014,19,24391,9161,58704,11,25590,1,2014,36,9.1228199,10.98028
OH,2015,14,86902,15611,70470,11,31917,1,2014,36,9.6557951,11.162956
OH,2016,25,672930,11009,77213,13,515308,1,2014,36,9.3065596,11.254336
OH,2017,21,31478,9121,32050,10,20186,1,2014,36,9.1184444,10.375084
OH,2018,6,16278,10268,73212,10,162731,1,2014,36,9.2368851,11.201128
OH,2019,2,2364,13788,72903,26,476726,1,2014,36,9.5316267,11.196898
OK,2005,1,37000,2403,3917,0,0,0,2021,37,7.7848892,8.2733364
OK,2006,3,23900,2254,3711,0,0,0,2021,37,7.7209053,8.219326
OK,2007,2,138,2316,5009,0,0,0,2021,37,7.7480288,8.5191908
OK,2008,3,85597,2676,8101,0,0,0,2021,37,7.8924522,8.9998665
OK,2009,7,1235560,2635,9574,0,0,0,2021,37,7.877018,9.1669111
OK,2010,12,50824,2234,10038,2,21150,0,2021,37,7.7119966,9.2142324
OK,2011,7,435140,2115,13481,3,217540,0,2021,37,7.6572828,9.5091105
OK,2012,7,2370,2586,2115,1,844,0,2021,37,7.858254,7.6572828
OK,2013,1,0,2309,13206,0,0,0,2021,37,7.7450027,9.4885025
OK,2014,3,9814,2656,16926,2,9814,0,2021,37,7.884953,9.7366657
OK,2015,7,41464,4695,19307,5,29771,0,2021,37,8.4544668,9.8682747
OK,2016,5,10739,3337,20350,3,7801,0,2021,37,8.1131268,9.9208851
OK,2017,8,94670,2901,9687,5,65670,0,2021,37,7.9731555,9.1786432
OK,2018,2,280678,3109,19347,2,280678,0,2021,37,8.0423784,9.8703442
OK,2019,0,0,3706,18738,2,1771,0,2021,37,8.2179785,9.8383617
OR,2005,1,200,2973,5938,0,0,0,2014,38,7.997663,8.6892958
OR,2006,8,391108,2815,5583,0,0,0,2014,38,7.9430728,8.6276608
OR,2007,3,31044,2555,7999,0,0,0,2014,38,7.846199,8.9871969
OR,2008,5,19190,2916,12593,0,0,0,2014,38,7.9783111,9.4409761
OR,2009,9,27745,2583,15217,0,0,0,2014,38,7.8570938,9.6302338
OR,2010,7,59156,2256,13508,1,4328,0,2014,38,7.7217917,9.5111113
OR,2011,10,25540,2226,16208,2,18200,0,2014,38,7.7084107,9.6933222
OR,2012,17,99062,2467,2226,5,19042,0,2014,38,7.8111634,7.7084107
OR,2013,16,23312,2370,16827,6,8426,0,2014,38,7.7710671,9.7307997
OR,2014,14,913311,4946,20069,4,61974,1,2014,38,8.5065365,9.9069815
OR,2015,10,183206,5081,20387,5,174660,1,2014,38,8.5334606,9.9227018
OR,2016,9,22188,4312,22385,5,12408,1,2014,38,8.3693886,10.016191
OR,2017,10,1370009941,3714,13351,6,9441,1,2014,38,8.2201338,9.4994211
OR,2018,8,112228,4179,25120,9,116286,1,2014,38,8.3380661,10.131459
OR,2019,1,651,4005,28711,10,665898,1,2014,38,8.2955484,10.26507
PA,2005,3,37623,7908,15996,0,0,0,2015,39,8.9757566,9.6801567
PA,2006,13,53577,8080,16242,0,0,0,2015,39,8.9972706,9.6954174
PA,2007,16,246243,9042,20098,0,0,0,2015,39,9.109746,9.9084253
PA,2008,11,12599922,10658,30742,0,0,0,2015,39,9.2741594,10.333418
PA,2009,10,128317,9890,38681,1,943,0,2015,39,9.1993809,10.563129
PA,2010,31,2366243,9025,38024,11,989068,0,2015,39,9.1078644,10.546
PA,2011,27,380519,10061,54027,7,64024,0,2015,39,9.2165213,10.897258
PA,2012,27,88722,11324,10061,5,72402,0,2015,39,9.3347683,9.2165213
PA,2013,28,89592,8943,56185,10,45214,0,2015,39,9.0987387,10.936423
PA,2014,40,408959,10446,69655,15,60605,0,2015,39,9.2540703,11.151324
PA,2015,9,113440,14877,80180,6,91240,1,2015,39,9.6076393,11.292042
PA,2016,24,119886,14030,84270,11,64958,1,2015,39,9.5490246,11.341793
PA,2017,21,737044,12468,34984,11,411997,1,2015,39,9.4310007,10.462675
PA,2018,13,87978,13725,77714,11,87397,1,2015,39,9.5270472,11.260803
PA,2019,6,285296,20899,81284,16,357988,1,2015,39,9.947504,11.305717
RI,2005,1,0,626,1127,0,0,0,2014,40,6.4409466,7.0282016
RI,2006,5,101959,615,1153,0,0,0,2014,40,6.4232469,7.0509896
RI,2007,4,2779,595,1575,0,0,0,2014,40,6.3902407,7.3626451
RI,2008,3,7400,820,2418,0,0,0,2014,40,6.7105231,7.7911096
RI,2009,1,0,671,2750,0,0,0,2014,40,6.5102582,7.9197197
RI,2010,6,27250,579,2865,3,13889,0,2014,40,6.363028,7.9606724
RI,2011,3,53482,614,4004,0,0,0,2014,40,6.4216223,8.2952986
RI,2012,8,35284,963,614,3,15642,0,2014,40,6.8710914,6.4216223
RI,2013,1,2082,637,4438,1,2082,0,2014,40,6.4583383,8.3981848
RI,2014,0,0,699,6219,0,0,1,2014,40,6.5510802,8.7355251
RI,2015,1,12914,1491,8078,1,12914,1,2014,40,7.3078728,8.9970236
RI,2016,4,16730,1216,7206,2,16104,1,2014,40,7.1041441,8.8828077
RI,2017,4,34852,1302,2731,4,34852,1,2014,40,7.1724248,7.9127893
RI,2018,2,7167,990,6210,3,8267,1,2014,40,6.8987145,8.7340775
RI,2019,0,0,1146,5779,2,8588,1,2014,40,7.0449052,8.662159
SC,2005,0,0,2416,6312,0,0,0,,41,7.7902822,8.7503662
SC,2006,4,109012,2408,4841,0,0,0,,41,7.7869668,8.4850836
SC,2007,5,4682,2681,6287,0,0,0,,41,7.8943181,8.746398
SC,2008,3,16400,3270,10561,0,0,0,,41,8.0928507,9.2650175
SC,2009,1,84000,3071,12656,0,0,0,,41,8.0300837,9.4459658
SC,2010,5,6597,2726,12982,3,4773,0,,41,7.9109573,9.4713964
SC,2011,15,850775,3168,19720,4,409593,0,,41,8.0611715,9.8894396
SC,2012,7,6873970,4282,3168,1,228435,0,,41,8.3624086,8.0611715
SC,2013,11,57746,3374,20005,4,18541,0,,41,8.1241503,9.9037876
SC,2014,7,67209,3540,25816,2,42543,0,,41,8.1721649,10.158789
SC,2015,4,56449,5010,27091,4,56449,0,,41,8.5193911,10.206994
SC,2016,8,9494,4438,34767,4,4747,0,,41,8.3981848,10.456452
SC,2017,2,643,4509,14959,1,576,0,,41,8.414052,9.6131353
SC,2018,0,0,6339,36062,0,0,0,,41,8.7546339,10.493023
SC,2019,1,35253,10851,33675,9,175265,0,,41,9.2921047,10.424541
SD,2005,0,0,233,709,0,0,0,,42,5.4553213,6.5652652
SD,2006,0,0,236,618,0,0,0,,42,5.46806,6.4281054
SD,2007,1,56,246,910,0,0,0,,42,5.5093884,6.8145428
SD,2008,2,40,270,1335,0,0,0,,42,5.602119,7.1974354
SD,2009,0,0,236,1661,0,0,0,,42,5.46806,7.4157772
SD,2010,0,0,200,1766,0,0,0,,42,5.3033047,7.4770384
SD,2011,0,0,206,2415,0,0,0,,42,5.3327188,7.7898684
SD,2012,1,11,330,206,0,0,0,,42,5.8021183,5.3327188
SD,2013,2,17000,282,2386,1,8500,0,,42,5.6454468,7.7777925
SD,2014,1,1632,310,2974,1,1632,0,,42,5.7397928,7.9979992
SD,2015,4,16379,542,3056,3,15279,0,,42,6.2971091,8.0251894
SD,2016,0,0,503,2775,0,0,0,,42,6.2225761,7.9287663
SD,2017,2,20229,403,1754,1,10229,0,,42,6.0014148,7.4702239
SD,2018,0,0,486,3074,0,0,0,,42,6.1882639,8.0310602
SD,2019,0,0,411,3227,2,1260,0,,42,6.0210233,8.0796185
TN,2005,4,107200,3412,6261,0,0,0,,43,8.1353474,8.7422552
TN,2006,4,40150,3700,6871,0,0,0,,43,8.2163582,8.8352108
TN,2007,7,429912,3997,10327,0,0,0,,43,8.2935495,9.2426138
TN,2008,12,354590,4947,15903,0,0,0,,43,8.5067387,9.6743259
TN,2009,8,40804,4373,19103,1,6400,0,,43,8.3834333,9.8576527
TN,2010,26,2109717,4175,19271,6,1040302,0,,43,8.3371096,9.8664083
TN,2011,10,13629,4275,26987,7,8079,0,,43,8.3607731,10.203148
TN,2012,8,72003,5690,4275,2,28901,0,,43,8.6466417,8.3607731
TN,2013,21,115412,4468,28163,8,57716,0,,43,8.4049196,10.2458
TN,2014,15,13911395,4993,37347,10,11031397,0,,43,8.5159922,10.528034
TN,2015,10,204603,7121,44241,5,147909,0,,43,8.870944,10.69743
TN,2016,16,59052,5718,51036,7,35670,0,,43,8.6515493,10.840306
TN,2017,16,883284,5586,19996,11,113904,0,,43,8.6281977,9.9033375
TN,2018,6,585739,6808,53014,7,611564,0,,43,8.8260002,10.87833
TN,2019,1,2691,10664,43087,9,436034,0,,43,9.2747231,10.671
TX,2005,6,64000,26624,23184,0,0,0,,44,10.189606,10.051261
TX,2006,21,3806252,26006,25425,0,0,0,,44,10.166121,10.143528
TX,2007,31,1436683,25855,37750,0,0,0,,44,10.160298,10.538767
TX,2008,34,322310,31534,60673,0,0,0,,44,10.358853,11.01327
TX,2009,13,13806,28857,71070,1,1000,0,,44,10.270143,11.171434
TX,2010,62,911093,24158,71164,18,105611,0,,44,10.092412,11.172756
TX,2011,63,253811274,24162,102107,18,76191,0,,44,10.092578,11.533787
TX,2012,57,6611518,28299,24162,16,44007,0,,44,10.250617,10.092578
TX,2013,51,3957052,23266,133345,21,602949,0,,44,10.054791,11.800702
TX,2014,57,6194694,25843,174468,27,2651565,0,,44,10.159834,12.069503
TX,2015,49,236421,39630,258579,24,186086,0,,44,10.587367,12.46296
TX,2016,57,692462,33214,265347,23,265018,0,,44,10.410757,12.488797
TX,2017,53,70290539,33454,68641,33,573216,0,,44,10.417956,11.13666
TX,2018,22,1456465,45030,204531,32,1508271,0,,44,10.715106,12.228479
TX,2019,5,191319,73553,171242,52,2387008,0,,44,11.205775,12.050838
UT,2005,1,100000,1668,3829,0,0,0,2020,45,7.41998,8.2506199
UT,2006,2,21244,1577,4563,0,0,0,2020,45,7.3639135,8.4259548
UT,2007,5,33100,1530,5321,0,0,0,2020,45,7.3336763,8.5796041
UT,2008,6,2208170,1761,7347,0,0,0,2020,45,7.474205,8.9021835
UT,2009,2,6000,1738,8400,0,0,0,2020,45,7.4610653,9.0361061
UT,2010,5,8298,1488,8151,2,6998,0,2020,45,7.30586,9.0060186
UT,2011,2,179500,1514,10895,0,0,0,2020,45,7.3231707,9.2961512
UT,2012,8,1569943,1586,1514,1,780000,0,2020,45,7.3696008,7.3231707
UT,2013,10,14157,1429,10020,3,4157,0,2020,45,7.2654295,9.2124386
UT,2014,10,44643,1586,11471,5,43243,0,2020,45,7.3696008,9.3476648
UT,2015,2,0,2567,11870,0,0,0,2020,45,7.8508825,9.3818541
UT,2016,4,42372,2540,12750,1,42372,0,2020,45,7.840313,9.4533653
UT,2017,2,301132,2452,7681,1,1132,0,2020,45,7.8050671,8.9466352
UT,2018,2,1730,2915,15356,5,184073,0,2020,45,7.9779682,9.639327
UT,2019,1,1719,4702,17228,3,342137,0,2020,45,8.4559555,9.7543497
VA,2005,2,58000,5163,11234,0,0,0,2019,46,8.5494671,9.3267889
VA,2006,14,213827,5137,12039,0,0,0,2019,46,8.5444193,9.3959894
VA,2007,15,304977,5338,15373,0,0,0,2019,46,8.5827932,9.6404333
VA,2008,12,162299,6326,24717,0,0,0,2019,46,8.7525816,10.115287
VA,2009,10,1489359,5744,29437,1,83000,0,2019,46,8.656085,10.290042
VA,2010,19,77418,5065,28369,4,5782,0,2019,46,8.5303068,10.253088
VA,2011,19,5197148,5416,42165,4,4916682,0,2019,46,8.5972977,10.649369
VA,2012,17,146793,6616,5416,3,8163,0,2019,46,8.7973976,8.5972977
VA,2013,18,302666,6037,41093,3,18352,0,2019,46,8.7058277,10.623617
VA,2014,16,197084,5921,49537,8,117197,0,2019,46,8.68643,10.810495
VA,2015,14,1401942,10329,54093,3,702276,0,2019,46,9.2428074,10.898479
VA,2016,14,734628,8772,58991,5,39615,0,2019,46,9.0794344,10.985157
VA,2017,19,198067376,7656,26052,4,22426,0,2019,46,8.9433756,10.167889
VA,2018,10,13238,8196,56135,8,26345,0,2019,46,9.0115232,10.935533
VA,2019,1,1442,10284,57202,6,2997929,1,2019,46,9.2384415,10.954362
VT,2005,1,0,201,651,0,0,0,2014,47,5.3082676,6.4800444
VT,2006,2,15100,178,718,0,0,0,2014,47,5.187386,6.5778613
VT,2007,1,70000,237,914,0,0,0,2014,47,5.4722705,6.818924
VT,2008,1,28168,295,1537,0,0,0,2014,47,5.6903596,7.3382382
VT,2009,0,0,277,1816,0,0,0,2014,47,5.6276212,7.5049419
VT,2010,3,3000,245,1654,0,0,0,2014,47,5.5053315,7.4115562
VT,2011,7,14276,259,2328,0,0,0,2014,47,5.5606818,7.7531943
VT,2012,3,1682,326,259,0,0,0,2014,47,5.7899604,5.5606818
VT,2013,7,15317,274,2159,1,550,0,2014,47,5.6167712,7.6778636
VT,2014,2,0,402,2442,0,0,1,2014,47,5.9989367,7.800982
VT,2015,1,2000,525,2546,1,2000,1,2014,47,6.2653012,7.8426714
VT,2016,0,0,387,2532,0,0,1,2014,47,5.9610052,7.8371596
VT,2017,4,4256,354,1637,3,4256,1,2014,47,5.872118,7.4012313
VT,2018,0,0,316,2690,0,0,1,2014,47,5.7589016,7.8976684
VT,2019,0,0,338,3102,2,72982,1,2014,47,5.8260002,8.0401249
WA,2005,1,530,5810,11008,0,0,0,2014,48,8.6675081,9.306468
WA,2006,15,510596,5336,10451,0,0,0,2014,48,8.5824194,9.254549
WA,2007,7,33700,4961,15501,0,0,0,2014,48,8.5095644,9.6487246
WA,2008,6,102919,5818,21741,0,0,0,2014,48,8.6688833,9.9870014
WA,2009,3,530000,5147,25606,0,0,0,2014,48,8.5463638,10.150621
WA,2010,15,41169,4646,24627,3,17271,0,2014,48,8.4439774,10.111639
WA,2011,30,35108019,4853,31832,9,38755,0,2014,48,8.4875584,10.368258
WA,2012,19,32626,5373,4853,5,8495,0,2014,48,8.5893278,8.4875584
WA,2013,21,1347161,4739,32381,6,81046,0,2014,48,8.4637928,10.385358
WA,2014,16,1030576,10930,36127,6,21505,1,2014,48,9.2993584,10.494823
WA,2015,12,22171025,9043,36264,5,11006133,1,2014,48,9.1098566,10.498609
WA,2016,27,2250056,8310,40423,12,528837,1,2014,48,9.0253353,10.607179
WA,2017,16,73837,7360,22939,9,37176,1,2014,48,8.9039507,10.040637
WA,2018,9,47045033,7380,43113,7,44333,1,2014,48,8.9066648,10.671603
WA,2019,1,1893,7110,49601,15,1522106,1,2014,48,8.8693981,10.811787
WI,2005,1,100,2782,7215,0,0,0,,49,7.9312849,8.8840561
WI,2006,5,115946,2536,6724,0,0,0,,49,7.8387375,8.8135872
WI,2007,8,236597,2450,10252,0,0,0,,49,7.8042512,9.2353258
WI,2008,7,325855,3137,13152,0,0,0,,49,8.0513411,9.4844055
WI,2009,2,6900,2968,15088,0,0,0,,49,7.9959803,9.6217213
WI,2010,12,78906,2553,14716,3,13388,0,,49,7.8454161,9.5967588
WI,2011,6,125530,2782,22736,1,3000,0,,49,7.9312849,10.031749
WI,2012,10,114366,4055,2782,1,698,0,,49,8.3079529,7.9312849
WI,2013,13,123551,3635,21869,4,55908,0,,49,8.1986399,9.9928713
WI,2014,2,56437,4283,24321,1,41437,0,,49,8.3626423,10.099136
WI,2015,5,5287,7756,25544,2,1469,0,,49,8.9563513,10.148197
WI,2016,14,28605,5054,26921,5,14737,0,,49,8.5281334,10.200699
WI,2017,12,132391,3731,15382,9,105257,0,,49,8.2247,9.6410179
WI,2018,4,6159,3731,28952,7,271060,0,,49,8.2247,10.273429
WI,2019,1,3657,5023,31610,7,153809,0,,49,8.5219812,10.36126
WV,2005,0,0,677,1849,0,0,0,2014,50,6.5191474,7.5229411
WV,2006,2,0,715,2058,0,0,0,2014,50,6.5736804,7.6299758
WV,2007,3,200000,733,2761,0,0,0,2014,50,6.5985088,7.9237103
WV,2008,2,733,857,3713,0,0,0,2014,50,6.7546039,8.2198648
WV,2009,2,11000,841,4268,0,0,0,2014,50,6.7357802,8.3591347
WV,2010,1,53,750,4249,0,0,0,2014,50,6.6214056,8.3546743
WV,2011,8,38306,731,5987,4,18638,0,2014,50,6.5957804,8.6975126
WV,2012,3,49848,1002,731,1,2905,0,2014,50,6.9107509,6.5957804
WV,2013,1,948,1124,6993,1,948,0,2014,50,7.0255384,8.852808
WV,2014,0,0,1136,8634,0,0,1,2014,50,7.0361485,9.0635786
WV,2015,0,0,1474,8240,0,0,1,2014,50,7.2964134,9.0168772
WV,2016,0,0,1093,9948,0,0,1,2014,50,6.9975958,9.2052269
WV,2017,4,59492,1000,6586,4,59492,1,2014,50,6.9087548,8.7928534
WV,2018,2,1824,1051,10134,1,670,1,2014,50,6.9584484,9.2237501
WV,2019,2,6282,1061,10190,3,7156,1,2014,50,6.9679093,9.2292604
WY,2005,0,0,224,679,0,0,0,,51,5.4161005,6.5220928
WY,2006,0,0,218,657,0,0,0,,51,5.3890719,6.4892049
WY,2007,0,0,224,922,0,0,0,,51,5.4161005,6.8276291
WY,2008,0,0,249,1396,0,0,0,,51,5.521461,7.2420826
WY,2009,1,1325,268,1663,0,0,0,,51,5.5947113,7.4169798
WY,2010,3,23023,290,1652,1,9023,0,,51,5.6733232,7.410347
WY,2011,2,30000,280,2276,1,15000,0,,51,5.6383548,7.7306142
WY,2012,0,0,318,280,0,0,0,,51,5.7651911,5.6383548
WY,2013,3,26570,289,2100,3,26570,0,,51,5.6698809,7.6501689
WY,2014,1,1607,287,2968,1,1607,0,,51,5.6629605,7.9959803
WY,2015,0,0,566,2435,0,0,0,,51,6.3403592,7.7981124
WY,2016,2,6368,437,2437,1,3184,0,,51,6.0822191,7.7989335
WY,2017,1,0,389,1712,0,0,0,,51,5.9661469,7.4460015
WY,2018,2,5083,338,2647,2,5083,0,,51,5.8260002,7.8815598
WY,2019,1,2154,319,2778,2,19703,0,,51,5.768321,7.9298463
